,wheelbase,curbweight,enginesize,boreratio,horsepower,fueleconomy,carlength,carwidth,gas,turbo,hardtop,hatchback,sedan,wagon,fwd,rwd,dohcv,l,ohc,ohcf,ohcv,rotor,five,four,six,three,twelve,two,Medium,Highend,price
197,0.6103448275862067,0.6027928626842514,0.3018867924528302,0.8857142857142855,0.27499999999999997,0.3017832647462277,0.7756097560975612,0.5750000000000002,1,0,0,0,0,1,0,1,0,0,1,0,0,0,0,1,0,0,0,0,1,0,0.2829303410952783
126,0.10000000000000009,0.49185415050426684,0.5018867924528303,0.8571428571428574,0.6624999999999999,0.159122085048011,0.45203252032520336,0.3916666666666666,1,0,1,0,0,0,0,1,0,0,0,1,0,0,0,0,1,0,0,0,0,1,0.6804528077056751
118,0.2448275862068967,0.16679596586501166,0.10943396226415092,0.30714285714285716,0.08333333333333331,0.6584362139917694,0.2634146341463417,0.29166666666666696,1,0,0,1,0,0,1,0,0,0,1,0,0,0,0,1,0,0,0,0,0,0,0.01127054267414726
167,0.4068965517241381,0.4080682699767262,0.32075471698113206,0.7714285714285716,0.2833333333333333,0.32647462277091904,0.5707317073170732,0.44166666666666643,1,0,1,0,0,0,0,1,0,0,1,0,0,0,0,1,0,0,0,0,0,0,0.08269202125018618
101,0.4758620689655175,0.6233514352211016,0.45283018867924524,0.6357142857142859,0.4333333333333333,0.12208504801097392,0.6601626016260163,0.5166666666666666,1,0,0,0,1,0,1,0,0,0,0,0,1,0,0,0,1,0,0,0,1,0,0.20805818976217666
124,0.3206896551724139,0.5159038013964314,0.3584905660377358,0.7499999999999998,0.4041666666666666,0.17695473251028798,0.5219512195121951,0.5,1,1,0,1,0,0,0,1,0,0,1,0,0,0,0,1,0,0,0,0,0,0,0.18981182662231272
69,0.693103448275862,0.7785104732350658,0.460377358490566,0.7428571428571431,0.31249999999999994,0.2345679012345679,0.7544715447154475,0.833333333333333,0,1,1,0,0,0,0,1,0,0,1,0,0,0,1,0,0,0,0,0,0,1,0.5724144779305893
11,0.5034482758620689,0.35182311869666405,0.17735849056603775,0.6857142857142857,0.22083333333333333,0.29903978052126207,0.5804878048780493,0.375,1,0,0,0,1,0,0,1,0,0,1,0,0,0,0,1,0,0,0,0,0,1,0.2931085844794201
46,0.32413793103448274,0.4833204034134988,0.2188679245283019,0.6357142857142859,0.175,0.3141289437585733,0.5121951219512195,0.4083333333333341,1,0,0,1,0,0,0,1,0,0,1,0,0,0,0,1,0,0,0,0,0,0,0.14721215431209972
77,0.2448275862068967,0.17688130333591934,0.11698113207547167,0.30714285714285716,0.08333333333333331,0.5308641975308643,0.2634146341463417,0.3416666666666677,1,0,0,1,0,0,1,0,0,0,1,0,0,0,0,1,0,0,0,0,0,0,0.026587557718087462
15,0.5827586206896553,0.6757176105508145,0.558490566037736,0.7714285714285716,0.5583333333333333,0.10699588477366256,0.7788617886178866,0.5500000000000007,1,0,0,0,1,0,0,1,0,0,1,0,0,0,0,0,1,0,0,0,0,1,0.6365622362345464
110,0.9517241379310346,0.7532971295577968,0.3433962264150943,0.828571428571429,0.1958333333333333,0.27983539094650206,0.9398373983739843,0.6750000000000007,0,1,0,0,0,1,0,1,0,1,0,0,0,0,0,1,0,0,0,0,1,0,0.2170200089369942
201,0.7758620689655169,0.6055081458494957,0.3018867924528302,0.8857142857142855,0.4666666666666666,0.18930041152263383,0.7756097560975612,0.708333333333333,1,1,0,0,1,0,0,1,0,0,1,0,0,0,0,1,0,0,0,0,1,0,0.34573755027059233
115,0.7344827586206897,0.6155934833204033,0.22264150943396227,0.6571428571428573,0.20416666666666666,0.17695473251028798,0.7414634146341466,0.6750000000000007,1,0,0,0,1,0,0,1,0,1,0,0,0,0,0,1,0,0,0,0,1,0,0.28578521423961073
174,0.5448275862068965,0.38479441427463146,0.1849056603773585,0.5214285714285716,0.10416666666666663,0.45404663923182437,0.5609756097560976,0.5166666666666666,0,1,0,0,1,0,1,0,0,0,1,0,0,0,0,1,0,0,0,0,0,0,0.13852340995978352
134,0.43103448275862055,0.47284716834755613,0.22641509433962265,0.0,0.2583333333333333,0.2565157750342935,0.7398373983739837,0.5166666666666666,1,0,0,1,0,0,1,0,0,0,1,0,0,0,0,1,0,0,0,0,1,0,0.24631348989623159
169,0.4068965517241381,0.4123351435221102,0.32075471698113206,0.7714285714285716,0.2833333333333333,0.32647462277091904,0.5707317073170732,0.44166666666666643,1,0,0,1,0,0,0,1,0,0,1,0,0,0,0,1,0,0,0,0,0,0,0.12092249640037733
92,0.27241379310344804,0.17455391776570983,0.1358490566037736,0.4357142857142857,0.08749999999999997,0.5185185185185186,0.3934959349593501,0.29166666666666696,1,0,0,0,1,0,1,0,0,0,1,0,0,0,0,1,0,0,0,0,1,0,0.0429720470681694
173,0.5448275862068965,0.3250581846392552,0.23018867924528302,0.55,0.1833333333333333,0.45130315500685864,0.5609756097560976,0.5166666666666666,1,0,0,0,1,0,1,0,0,0,1,0,0,0,0,1,0,0,0,0,0,0,0.09507968819820267
74,0.875862068965517,0.8638479441427462,0.9169811320754717,0.9000000000000001,0.5666666666666667,0.002743484224965731,0.9447154471544716,0.9750000000000005,1,0,1,0,0,0,0,1,0,0,0,0,1,0,0,0,0,0,0,0,0,1,1.0
3,0.45517241379310347,0.3293250581846392,0.18113207547169813,0.4642857142857142,0.22499999999999998,0.32647462277091904,0.5772357723577235,0.49166666666666714,1,0,0,0,1,0,1,0,0,0,1,0,0,0,0,1,0,0,0,0,1,0,0.21925425748473265
157,0.31379310344827616,0.24088440651667964,0.139622641509434,0.4642857142857142,0.09166666666666667,0.5034293552812072,0.409756097560976,0.3416666666666677,1,0,0,1,0,0,1,0,0,0,1,0,0,0,0,1,0,0,0,0,0,0,0.0516359664366218
81,0.3344827586206893,0.32583397982932505,0.23018867924528302,0.5785714285714285,0.16666666666666663,0.36625514403292186,0.5186991869918702,0.4250000000000007,1,0,0,1,0,0,1,0,0,0,1,0,0,0,0,1,0,0,0,0,0,0,0.0839332704433742
32,0.2448275862068967,0.1353762606671839,0.06792452830188678,0.26428571428571446,0.04999999999999999,0.6858710562414265,0.14471544715447182,0.30833333333333357,1,0,0,1,0,0,1,0,0,0,1,0,0,0,0,1,0,0,0,0,0,0,0.006975820465716681
99,0.3655172413793104,0.3242823894491854,0.22264150943396227,0.5642857142857143,0.20416666666666666,0.42112482853223593,0.5252032520325205,0.4083333333333341,1,0,0,1,0,0,1,0,0,0,1,0,0,0,0,1,0,0,0,0,1,0,0.09510451318206642
26,0.2448275862068967,0.1943366951124903,0.10943396226415092,0.30714285714285716,0.08333333333333331,0.5308641975308643,0.2634146341463417,0.29166666666666696,1,0,0,0,1,0,1,0,0,0,1,0,0,0,0,1,0,0,0,0,0,0,0.06183903480462738
88,0.3344827586206893,0.3549262994569433,0.1849056603773585,0.44999999999999996,0.2833333333333333,0.3113854595336076,0.5089430894308946,0.4250000000000007,1,0,0,0,1,0,1,0,0,0,1,0,0,0,0,1,0,0,0,0,0,0,0.1032967578571074
184,0.36896551724137927,0.3010085337470908,0.1358490566037736,0.33571428571428563,0.016666666666666663,0.7201646090534977,0.4975609756097561,0.43333333333333357,0,0,0,0,1,0,1,0,0,0,1,0,0,0,0,1,0,0,0,0,1,0,0.07142147857603892
187,0.36896551724137927,0.3223429014740109,0.1358490566037736,0.33571428571428563,0.08333333333333331,0.6707818930041152,0.4975609756097561,0.43333333333333357,0,1,0,0,1,0,1,0,0,0,1,0,0,0,0,1,0,0,0,0,1,0,0.10865895437167966
52,0.22413793103448265,0.16175329712955777,0.1132075471698113,0.34999999999999987,0.08333333333333331,0.5308641975308643,0.29268292682926855,0.3250000000000002,1,0,0,1,0,0,1,0,0,0,1,0,0,0,0,1,0,0,0,0,1,0,0.041631497939526335
168,0.4068965517241381,0.40651667959658644,0.32075471698113206,0.7714285714285716,0.2833333333333333,0.32647462277091904,0.5707317073170732,0.44166666666666643,1,0,1,0,0,0,0,1,0,0,1,0,0,0,0,1,0,0,0,0,0,0,0.11223375204806116
164,0.27241379310344804,0.2777346780449961,0.139622641509434,0.4642857142857142,0.09166666666666667,0.45130315500685864,0.448780487804878,0.30833333333333357,1,0,0,1,0,0,0,1,0,0,1,0,0,0,0,1,0,0,0,0,0,0,0.07745394965493271
188,0.36896551724137927,0.3149728471683475,0.18113207547169813,0.4642857142857142,0.21666666666666667,0.3813443072702332,0.4975609756097561,0.43333333333333357,1,0,0,0,1,0,1,0,0,0,1,0,0,0,0,1,0,0,0,0,1,0,0.1210714463035599
7,0.6620689655172414,0.5686578743211792,0.2830188679245283,0.4642857142857142,0.2583333333333333,0.18930041152263383,0.8390243902439023,0.9250000000000007,1,0,0,0,0,1,1,0,0,0,1,0,0,0,1,0,0,0,0,0,1,0,0.3426344272876223
158,0.31379310344827616,0.3052754072924748,0.1849056603773585,0.5214285714285716,0.033333333333333326,0.5514403292181072,0.409756097560976,0.3416666666666677,0,0,0,0,1,0,1,0,0,0,1,0,0,0,0,1,0,0,0,0,0,0,0.06901345514125415
123,0.5758620689655172,0.40612878200155156,0.23018867924528302,0.5785714285714285,0.16666666666666663,0.32647462277091904,0.5447154471544717,0.3583333333333334,1,0,0,0,0,1,1,0,0,0,1,0,0,0,0,1,0,0,0,0,0,0,0.09440941363388114
28,0.5758620689655172,0.40612878200155156,0.23018867924528302,0.5714285714285714,0.16666666666666663,0.32647462277091904,0.5447154471544717,0.3583333333333334,1,0,0,0,0,1,1,0,0,0,1,0,0,0,0,1,0,0,0,0,0,0,0.09440941363388114
29,0.3206896551724139,0.513188518231187,0.3584905660377358,0.7571428571428573,0.4041666666666666,0.17695473251028798,0.5219512195121951,0.5,1,1,0,1,0,0,1,0,0,0,1,0,0,0,0,1,0,0,0,0,0,0,0.1947768233950648
182,0.36896551724137927,0.29984484096198605,0.1358490566037736,0.33571428571428563,0.016666666666666663,0.7201646090534977,0.4975609756097561,0.43333333333333357,0,0,0,0,1,0,1,0,0,0,1,0,0,0,0,1,0,0,0,0,0,0,0.06595998212601162
40,0.3413793103448275,0.34290147401086113,0.1849056603773585,0.4357142857142857,0.15833333333333333,0.4087791495198903,0.5577235772357727,0.18333333333333357,1,0,0,0,1,0,1,0,0,0,1,0,0,0,0,1,0,0,0,0,0,0,0.12851894146268805
128,0.10000000000000009,0.5089216446858029,0.5018867924528303,0.8571428571428574,0.6624999999999999,0.159122085048011,0.45203252032520336,0.3916666666666666,1,0,0,0,0,0,0,1,0,0,0,1,0,0,0,0,1,0,0,0,0,1,0.7921652350925972
122,0.2448275862068967,0.2726920093095423,0.139622641509434,0.30714285714285716,0.08333333333333331,0.5308641975308643,0.42601626016260186,0.29166666666666696,1,0,0,0,1,0,1,0,0,0,1,0,0,0,0,1,0,0,0,0,0,0,0.06183903480462738
125,0.27241379310344804,0.5003878975950349,0.33962264150943394,1.0000000000000002,0.3958333333333333,0.21399176954732507,0.45203252032520336,0.666666666666667,1,0,0,1,0,0,0,1,0,0,1,0,0,0,0,1,0,0,0,0,0,1,0.41954222729755225
166,0.27241379310344804,0.3149728471683475,0.139622641509434,0.5000000000000002,0.26666666666666666,0.3443072702331961,0.448780487804878,0.30833333333333357,1,0,0,1,0,0,0,1,0,0,0,0,0,0,0,1,0,0,0,0,0,0,0.10972642867782137
1,0.068965517241379,0.41117145073700545,0.26037735849056604,0.6642857142857144,0.26249999999999996,0.2441700960219479,0.4504065040650409,0.31666666666666643,1,0,0,0,0,0,0,1,0,0,0,0,0,0,0,1,0,0,0,0,1,0,0.2825579663373219
199,0.6103448275862067,0.6474010861132662,0.26037735849056604,0.7714285714285716,0.47500000000000003,0.12208504801097392,0.7756097560975612,0.5750000000000002,1,1,0,0,0,1,0,1,0,0,1,0,0,0,0,1,0,0,0,0,1,0,0.3433791768035351
190,0.27241379310344804,0.2843289371605896,0.18113207547169813,0.4642857142857142,0.175,0.3141289437585733,0.3999999999999999,0.30833333333333357,1,0,0,1,0,0,1,0,0,0,1,0,0,0,0,1,0,0,0,0,1,0,0.1206990715456035
96,0.27241379310344804,0.1873545384018619,0.1358490566037736,0.4357142857142857,0.08749999999999997,0.5185185185185186,0.3934959349593501,0.29166666666666696,1,0,0,0,1,0,1,0,0,0,1,0,0,0,0,1,0,0,0,0,1,0,0.05910828657961373
177,0.5448275862068965,0.3762606671838634,0.23018867924528302,0.55,0.1833333333333333,0.39643347050754457,0.5609756097560976,0.5166666666666666,1,0,0,1,0,0,1,0,0,0,1,0,0,0,0,1,0,0,0,0,0,0,0.1521771510848518
181,0.6172413793103448,0.6450737005430567,0.3773584905660377,0.5214285714285716,0.45,0.17695473251028798,0.7593495934959353,0.5166666666666666,1,0,0,0,0,1,0,1,0,0,0,0,0,0,0,0,1,0,0,0,1,0,0.2639392284395015
97,0.27241379310344804,0.212955779674166,0.1358490566037736,0.4357142857142857,0.08749999999999997,0.5185185185185186,0.47317073170731705,0.29166666666666696,1,0,0,0,0,1,1,0,0,0,1,0,0,0,0,1,0,0,0,0,1,0,0.07152077851149397
120,0.2448275862068967,0.18580294802172226,0.10943396226415092,0.30714285714285716,0.08333333333333331,0.5308641975308643,0.2634146341463417,0.29166666666666696,1,0,0,1,0,0,1,0,0,0,1,0,0,0,0,1,0,0,0,0,0,0,0.0275805570726379
117,0.7379310344827585,0.6369278510473235,0.27547169811320754,0.7642857142857145,0.39166666666666666,0.16186556927297674,0.7414634146341466,0.666666666666667,1,1,0,0,1,0,0,1,0,1,0,0,0,0,0,1,0,0,0,0,1,0,0.3235191897125267
57,0.2999999999999998,0.3479441427463149,0.03396226415094339,0.5642857142857143,0.22083333333333333,0.13443072702331965,0.4536585365853658,0.4500000000000002,1,0,0,1,0,0,0,1,0,0,0,0,0,1,0,0,0,0,0,1,1,0,0.21168263740628568
44,0.27241379310344804,0.14972847168347558,0.10943396226415092,0.34999999999999987,0.09166666666666667,0.6982167352537723,0.2406504065040651,0.27500000000000036,1,0,0,0,1,0,1,0,0,0,1,0,0,0,0,1,0,0,0,0,0,0,0.09428528871456232
153,0.31379310344827616,0.30721489526764933,0.11698113207547167,0.3642857142857141,0.05833333333333329,0.5185185185185186,0.4650406504065039,0.27500000000000036,1,0,0,0,0,1,1,0,0,0,1,0,0,0,0,1,0,0,0,0,0,0,0.044684970954768866
85,0.3344827586206893,0.34018619084561674,0.23018867924528302,0.5785714285714285,0.16666666666666663,0.36625514403292186,0.5089430894308946,0.4250000000000007,1,0,0,0,1,0,1,0,0,0,1,0,0,0,0,1,0,0,0,0,0,0,0.04644754480909585
127,0.10000000000000009,0.49185415050426684,0.5018867924528303,0.8571428571428574,0.6624999999999999,0.159122085048011,0.45203252032520336,0.3916666666666666,1,0,1,0,0,0,0,1,0,0,0,1,0,0,0,0,1,0,0,0,0,1,0.7176902835013157
151,0.31379310344827616,0.21411947245927077,0.11698113207547167,0.3642857142857141,0.05833333333333329,0.5308641975308643,0.28617886178861784,0.27500000000000036,1,0,0,1,0,0,1,0,0,0,1,0,0,0,0,1,0,0,0,0,0,0,0.030286480313787778
204,0.7758620689655169,0.6105508145849496,0.3018867924528302,0.8857142857142855,0.27499999999999997,0.18930041152263383,0.7756097560975612,0.7166666666666677,1,1,0,0,1,0,0,1,0,0,1,0,0,0,0,1,0,0,0,0,1,0,0.4346109925028549
10,0.5034482758620689,0.35182311869666405,0.17735849056603775,0.6857142857142857,0.22083333333333333,0.29903978052126207,0.5804878048780493,0.375,1,0,0,0,1,0,0,1,0,0,1,0,0,0,0,1,0,0,0,0,0,1,0.28082021746685865
20,0.27241379310344804,0.1633048875096974,0.10943396226415092,0.34999999999999987,0.09166666666666667,0.6982167352537723,0.28780487804878074,0.27500000000000036,1,0,0,0,1,0,1,0,0,0,1,0,0,0,0,1,0,0,0,0,0,0,0.03617000148949903
170,0.4068965517241381,0.4619860356865788,0.32075471698113206,0.7714285714285716,0.2833333333333333,0.32647462277091904,0.5707317073170732,0.44166666666666643,1,0,1,0,0,0,0,1,0,0,1,0,0,0,0,1,0,0,0,0,0,0,0.15096072687552753
82,0.3206896551724139,0.5217222653219551,0.3584905660377358,0.7428571428571431,0.4041666666666666,0.17695473251028798,0.5219512195121951,0.5,1,1,0,1,0,0,1,0,0,0,1,0,0,0,0,1,0,0,0,0,0,0,0.18646045380070503
12,0.5034482758620689,0.474010861132661,0.38867924528301884,0.55,0.30416666666666664,0.2565157750342935,0.5804878048780493,0.375,1,0,0,0,1,0,0,1,0,0,1,0,0,0,0,0,1,0,0,0,0,1,0.3935256442083313
16,0.5827586206896553,0.7339022498060512,0.558490566037736,0.7714285714285716,0.5583333333333333,0.10699588477366256,0.8569105691056915,0.6333333333333337,1,0,0,0,1,0,0,1,0,0,1,0,0,0,0,0,1,0,0,0,0,1,0.8985899409165385
178,0.5620689655172417,0.5771916214119472,0.4150943396226415,0.5214285714285716,0.47083333333333327,0.19204389574759945,0.6894308943089431,0.6166666666666671,1,0,0,1,0,0,0,1,0,0,0,0,0,0,0,0,1,0,0,0,0,0,0.28399781540142
90,0.27241379310344804,0.20519782777346784,0.15849056603773587,0.32142857142857184,0.029166666666666646,0.8902606310013716,0.3934959349593501,0.29166666666666696,0,0,0,0,1,0,1,0,0,0,1,0,0,0,0,1,0,0,0,0,1,0,0.04917829303410953
89,0.27241379310344804,0.15554693560899924,0.1358490566037736,0.4357142857142857,0.08749999999999997,0.5185185185185186,0.3934959349593501,0.29166666666666696,1,0,0,0,1,0,1,0,0,0,1,0,0,0,0,1,0,0,0,0,1,0,0.00945831885209275
45,0.27241379310344804,0.1633048875096974,0.10943396226415092,0.34999999999999987,0.09166666666666667,0.6982167352537723,0.2406504065040651,0.27500000000000036,1,0,0,0,1,0,1,0,0,0,1,0,0,0,0,1,0,0,0,0,0,0,0.09428528871456232
161,0.31379310344827616,0.24592707525213342,0.139622641509434,0.4642857142857142,0.09166666666666667,0.4362139917695474,0.409756097560976,0.3416666666666677,1,0,0,1,0,0,1,0,0,0,1,0,0,0,0,1,0,0,0,0,0,0,0.08043294771858397
116,0.7344827586206897,0.6842513576415825,0.3433962264150943,0.828571428571429,0.1958333333333333,0.42386831275720155,0.7414634146341466,0.6750000000000007,0,1,0,0,1,0,0,1,0,1,0,0,0,0,0,1,0,0,0,0,1,0,0.3185541929397746
189,0.27241379310344804,0.29712955779674166,0.18113207547169813,0.4642857142857142,0.175,0.3141289437585733,0.2959349593495939,0.3250000000000002,1,0,0,0,0,0,1,0,0,0,1,0,0,0,0,1,0,0,0,0,1,0,0.1607914204855767
192,0.4758620689655175,0.42319627618308764,0.1358490566037736,0.33571428571428563,0.08333333333333331,0.5610425240054868,0.6357723577235772,0.5500000000000007,0,1,0,0,1,0,1,0,0,0,1,0,0,0,0,1,0,0,0,0,1,0,0.21664763417903776
148,0.3551724137931038,0.36152055857253684,0.17735849056603775,0.7714285714285716,0.14166666666666666,0.29903978052126207,0.5284552845528454,0.4250000000000007,1,0,0,0,0,1,0,0,0,0,0,1,0,0,0,1,0,0,0,0,0,0,0.07186832828558662
51,0.22413793103448265,0.15981380915438326,0.1132075471698113,0.34999999999999987,0.08333333333333331,0.5308641975308643,0.29268292682926855,0.3250000000000002,1,0,0,1,0,0,1,0,0,0,1,0,0,0,0,1,0,0,0,0,0,0,0.024254009234893986
175,0.5448275862068965,0.35919317300232734,0.23018867924528302,0.55,0.1833333333333333,0.39643347050754457,0.5609756097560976,0.5166666666666666,1,0,0,1,0,0,1,0,0,0,1,0,0,0,0,1,0,0,0,0,0,0,0.12089767141651359
39,0.3413793103448275,0.31652443754848725,0.1849056603773585,0.4357142857142857,0.15833333333333333,0.4087791495198903,0.5577235772357727,0.4083333333333341,1,0,0,0,1,0,1,0,0,0,1,0,0,0,0,1,0,0,0,0,0,0,0.09252271486023533
163,0.27241379310344804,0.26415826221877425,0.139622641509434,0.4642857142857142,0.09166666666666667,0.45130315500685864,0.448780487804878,0.30833333333333357,1,0,0,0,1,0,0,1,0,0,1,0,0,0,0,1,0,0,0,0,0,0,0.07298545255945582
37,0.3413793103448275,0.29014740108611325,0.1849056603773585,0.4357142857142857,0.15833333333333333,0.4087791495198903,0.4292682926829272,0.4083333333333341,1,0,0,1,0,0,1,0,0,0,1,0,0,0,0,1,0,0,0,0,0,0,0.06893898018966288
6,0.6620689655172414,0.525989138867339,0.2830188679245283,0.4642857142857142,0.2583333333333333,0.18930041152263383,0.8390243902439023,0.9250000000000007,1,0,0,0,1,0,1,0,0,0,1,0,0,0,1,0,0,0,0,0,1,0,0.3125961968124721
54,0.22413793103448265,0.17920868890612873,0.1132075471698113,0.3857142857142859,0.08333333333333331,0.5308641975308643,0.41788617886178914,0.3250000000000002,1,0,0,0,1,0,1,0,0,0,1,0,0,0,0,1,0,0,0,0,1,0,0.056526488257782614
25,0.2448275862068967,0.1943366951124903,0.10943396226415092,0.30714285714285716,0.08333333333333331,0.5308641975308643,0.2634146341463417,0.29166666666666696,1,0,0,0,1,0,1,0,0,0,1,0,0,0,0,1,0,0,0,0,0,0,0.039074524601558996
21,0.2448275862068967,0.15050426687354534,0.10943396226415092,0.30714285714285716,0.08333333333333331,0.6584362139917694,0.2634146341463417,0.29166666666666696,1,0,0,1,0,0,1,0,0,0,1,0,0,0,0,1,0,0,0,0,0,0,0.01127054267414726
48,0.9103448275862069,1.0,0.7433962264150944,0.7785714285714287,0.5333333333333332,0.05486968449931412,0.9512195121951219,0.7749999999999995,1,0,0,0,1,0,0,1,0,0,0,0,0,0,0,0,1,0,0,0,0,1,0.7554739089419593
9,0.44482758620689644,0.6070597362296353,0.2641509433962264,0.4214285714285715,0.4666666666666666,0.10699588477366256,0.603252032520325,0.6333333333333337,1,1,0,1,0,0,0,0,0,0,1,0,0,0,1,0,0,0,0,0,1,0,0.3162951194081724
23,0.2448275862068967,0.24825446082234293,0.139622641509434,0.34999999999999987,0.22499999999999998,0.32647462277091904,0.2634146341463417,0.29166666666666696,1,1,0,1,0,0,1,0,0,0,1,0,0,0,0,1,0,0,0,0,0,0,0.07047812918921603
35,0.3413793103448275,0.20248254460822346,0.11698113207547167,0.26428571428571446,0.11666666666666664,0.4663923182441701,0.36260162601626034,0.30833333333333357,1,0,0,0,1,0,1,0,0,0,1,0,0,0,0,1,0,0,0,0,0,0,0.05404398987140657
112,0.7344827586206897,0.6842513576415825,0.3433962264150943,0.828571428571429,0.1958333333333333,0.42386831275720155,0.7414634146341466,0.6750000000000007,0,1,0,0,1,0,0,1,0,1,0,0,0,0,0,1,0,0,0,0,1,0,0.29248795988282605
50,0.22413793103448265,0.15593483320403412,0.1132075471698113,0.34999999999999987,0.08333333333333331,0.4293552812071331,0.29268292682926855,0.3250000000000002,1,0,0,1,0,0,1,0,0,0,1,0,0,0,0,1,0,0,0,0,0,0,0.0019115237575095534
62,0.4206896551724135,0.3576415826221877,0.23018867924528302,0.6071428571428574,0.14999999999999997,0.3813443072702332,0.5967479674796752,0.5166666666666666,1,0,0,0,1,0,1,0,0,0,1,0,0,0,0,1,0,0,0,0,1,0,0.12727769226950003
145,0.35862068965517224,0.39643134212567877,0.17735849056603775,0.7714285714285716,0.26249999999999996,0.3141289437585733,0.5024390243902439,0.4250000000000007,1,1,0,0,1,0,0,0,0,0,0,1,0,0,0,1,0,0,0,0,0,0,0.15245022590735313
146,0.35862068965517224,0.3110938712179985,0.17735849056603775,0.7714285714285716,0.14166666666666666,0.41152263374485604,0.526829268292683,0.4250000000000007,1,0,0,0,0,1,1,0,0,0,0,1,0,0,0,1,0,0,0,0,0,0,0.05821458716051833
19,0.27241379310344804,0.14972847168347558,0.10943396226415092,0.34999999999999987,0.09166666666666667,0.6982167352537723,0.2406504065040651,0.27500000000000036,1,0,0,1,0,0,1,0,0,0,1,0,0,0,0,1,0,0,0,0,0,0,0.029219006007646098
194,0.6103448275862067,0.5523661753297129,0.3018867924528302,0.8857142857142855,0.27499999999999997,0.2866941015089162,0.7756097560975612,0.5750000000000002,1,0,0,0,1,0,0,1,0,0,1,0,0,0,0,1,0,0,0,0,1,0,0.19418102378233454
55,0.2999999999999998,0.3460046547711404,0.03396226415094339,0.5642857142857143,0.22083333333333333,0.13443072702331965,0.4536585365853658,0.4500000000000002,1,0,0,1,0,0,0,1,0,0,0,0,0,1,0,0,0,0,0,1,1,0,0.14465518097413238
142,0.3655172413793104,0.2723041117145074,0.17735849056603775,0.7714285714285716,0.14166666666666666,0.42386831275720155,0.5024390243902439,0.4250000000000007,1,0,0,0,1,0,1,0,0,0,0,1,0,0,0,1,0,0,0,0,0,0,0.06595998212601162
22,0.2448275862068967,0.15050426687354534,0.10943396226415092,0.30714285714285716,0.08333333333333331,0.5308641975308643,0.2634146341463417,0.29166666666666696,1,0,0,1,0,0,1,0,0,0,1,0,0,0,0,1,0,0,0,0,0,0,0.03125465468447444
42,0.3413793103448275,0.3122575640031032,0.1849056603773585,0.4357142857142857,0.21666666666666667,0.35390946502057613,0.4552845528455287,0.47500000000000053,1,0,0,0,1,0,1,0,0,0,1,0,0,0,0,1,0,0,0,0,0,0,0.12976019065587607
102,0.4758620689655175,0.7013188518231186,0.45283018867924524,0.6357142857142859,0.4333333333333333,0.12208504801097392,0.7073170731707319,0.5166666666666666,1,0,0,0,0,1,1,0,0,0,0,0,1,0,0,0,1,0,0,0,1,0,0.2304006752395611
185,0.36896551724137927,0.28083785880527545,0.18113207547169813,0.4642857142857142,0.15416666666666667,0.42112482853223593,0.4975609756097561,0.43333333333333357,1,0,0,0,1,0,1,0,0,0,1,0,0,0,0,1,0,0,0,0,1,0,0.076386475348791
33,0.2448275862068967,0.1753297129557797,0.11698113207547167,0.26428571428571446,0.11666666666666664,0.4663923182441701,0.14471544715447182,0.30833333333333357,1,0,0,1,0,0,1,0,0,0,1,0,0,0,0,1,0,0,0,0,0,0,0.035028052231766055
76,0.2448275862068967,0.16679596586501166,0.11698113207547167,0.30714285714285716,0.08333333333333331,0.6584362139917694,0.2634146341463417,0.3416666666666677,1,0,0,1,0,0,1,0,0,0,1,0,0,0,0,1,0,0,0,0,0,0,0.006727570627079071
119,0.2448275862068967,0.24825446082234293,0.139622641509434,0.34999999999999987,0.22499999999999998,0.32647462277091904,0.2634146341463417,0.29166666666666696,1,1,0,1,0,0,1,0,0,0,1,0,0,0,0,1,0,0,0,0,0,0,0.07047812918921603
179,0.5620689655172417,0.5927075252133436,0.4150943396226415,0.5214285714285716,0.47083333333333327,0.17695473251028798,0.6894308943089431,0.6166666666666671,1,0,0,1,0,0,0,1,0,0,0,0,0,0,0,0,1,0,0,0,0,0,0.2700958244377141
114,0.9517241379310346,0.7746314972847168,0.3433962264150943,0.828571428571429,0.1958333333333333,0.27983539094650206,0.9398373983739843,0.6750000000000007,0,1,0,0,0,1,0,1,0,1,0,0,0,0,0,1,0,0,0,0,1,0,0.2968323320589842
95,0.27241379310344804,0.20946470131885186,0.1358490566037736,0.4357142857142857,0.08749999999999997,0.5185185185185186,0.39837398373983746,0.29166666666666696,1,0,0,1,0,0,1,0,0,0,1,0,0,0,0,1,0,0,0,0,1,0,0.06655578173874185
84,0.3206896551724139,0.5577967416602017,0.3584905660377358,0.7499999999999998,0.4041666666666666,0.17695473251028798,0.5219512195121951,0.5,1,1,0,1,0,0,1,0,0,0,1,0,0,0,0,1,0,0,0,0,0,0,0.23263492378729955
196,0.6103448275862067,0.5612878200155158,0.3018867924528302,0.8857142857142855,0.27499999999999997,0.3017832647462277,0.7756097560975612,0.5750000000000002,1,0,0,0,1,0,0,1,0,0,1,0,0,0,0,1,0,0,0,0,1,0,0.26977309964748525
154,0.31379310344827616,0.3110938712179985,0.11698113207547167,0.3642857142857141,0.05833333333333329,0.39643347050754457,0.4650406504065039,0.27500000000000036,1,0,0,0,0,1,0,0,0,0,1,0,0,0,0,1,0,0,0,0,0,0,0.06901345514125415
71,0.9999999999999996,0.8735453840186191,0.6528301886792454,0.6571428571428573,0.44583333333333336,0.05761316872427974,1.0,0.9500000000000002,1,0,0,0,1,0,0,1,0,0,0,0,1,0,0,0,0,0,0,0,0,1,0.7215629809840625
5,0.45517241379310347,0.3952676493405741,0.2830188679245283,0.4642857142857142,0.2583333333333333,0.18930041152263383,0.588617886178862,0.5,1,0,0,0,1,0,1,0,0,0,1,0,0,0,1,0,0,0,0,0,1,0,0.25152673650762125
36,0.3413793103448275,0.20791311093871212,0.11698113207547167,0.2714285714285716,0.11666666666666664,0.4663923182441701,0.26016260162601634,0.2999999999999998,1,0,0,0,0,1,1,0,0,0,1,0,0,0,0,1,0,0,0,0,0,0,0.05404398987140657
43,0.2655172413793103,0.3293250581846392,0.18867924528301888,0.55,0.125,0.3141289437585733,0.4813008130081302,0.125,1,0,0,0,1,0,0,1,0,0,1,0,0,0,0,1,0,0,0,0,0,0,0.041383248100888725
162,0.31379310344827616,0.2529092319627618,0.139622641509434,0.4642857142857142,0.09166666666666667,0.4362139917695474,0.409756097560976,0.3416666666666677,1,0,0,0,1,0,1,0,0,0,1,0,0,0,0,1,0,0,0,0,0,0,0.10277543319596841
183,0.36896551724137927,0.2796741660201707,0.18113207547169813,0.4642857142857142,0.15416666666666667,0.42112482853223593,0.4975609756097561,0.43333333333333357,1,0,0,0,1,0,1,0,0,0,1,0,0,0,0,1,0,0,0,0,1,0,0.0709249788987637
139,0.2448275862068967,0.24515128006206366,0.17735849056603775,0.7714285714285716,0.10416666666666663,0.3689986282578875,0.2731707317073173,0.27500000000000036,1,0,0,1,0,0,1,0,0,0,0,1,0,0,0,1,0,0,0,0,0,0,0.04803634377637653
70,0.9999999999999996,0.8851823118696664,0.460377358490566,0.7428571428571431,0.31249999999999994,0.2345679012345679,1.0,0.9500000000000002,0,1,0,0,1,0,0,1,0,0,1,0,0,0,1,0,0,0,0,0,0,1,0.6574152226801053
131,0.3275862068965516,0.3770364623739333,0.2679245283018868,0.6571428571428573,0.175,0.3237311385459533,0.5804878048780493,0.5249999999999995,1,0,0,1,0,0,1,0,0,0,1,0,0,0,0,1,0,0,0,0,0,0,0.11858894791718386
149,0.3551724137931038,0.4507370054305664,0.17735849056603775,0.7714285714285716,0.26249999999999996,0.22496570644718789,0.5284552845528454,0.4250000000000007,1,1,0,0,0,1,0,0,0,0,0,1,0,0,0,1,0,0,0,0,0,0,0.16324909388808895
150,0.31379310344827616,0.19278510473235067,0.11698113207547167,0.3642857142857141,0.05833333333333329,0.6035665294924553,0.28617886178861784,0.27500000000000036,1,0,0,1,0,0,1,0,0,0,1,0,0,0,0,1,0,0,0,0,0,0,0.005709746288664913
0,0.068965517241379,0.41117145073700545,0.26037735849056604,0.6642857142857144,0.26249999999999996,0.2441700960219479,0.4504065040650409,0.31666666666666643,1,0,0,0,0,0,0,1,0,0,0,0,0,0,0,1,0,0,0,0,1,0,0.20795888982672162
78,0.2448275862068967,0.20015515903801395,0.11698113207547167,0.30714285714285716,0.08333333333333331,0.5308641975308643,0.2634146341463417,0.3416666666666677,1,0,0,1,0,0,1,0,0,0,1,0,0,0,0,1,0,0,0,0,0,0,0.03850354997269251
171,0.4068965517241381,0.4755624515128005,0.32075471698113206,0.7714285714285716,0.2833333333333333,0.32647462277091904,0.5707317073170732,0.44166666666666643,1,0,0,1,0,0,0,1,0,0,1,0,0,0,0,1,0,0,0,0,0,0,0.15964947122784368
68,0.806896551724138,0.8774243599689682,0.460377358490566,0.7428571428571431,0.31249999999999994,0.2345679012345679,0.8097560975609759,0.833333333333333,0,1,0,0,0,1,0,1,0,0,1,0,0,0,1,0,0,0,0,0,0,1,0.5742018767687802
193,0.4758620689655175,0.4169899146625291,0.18113207547169813,0.4642857142857142,0.16666666666666663,0.35390946502057613,0.6829268292682928,0.5500000000000007,1,0,0,0,0,1,1,0,0,0,1,0,0,0,0,1,0,0,0,0,1,0,0.1780447842708902
152,0.31379310344827616,0.20442203258339797,0.11698113207547167,0.3642857142857141,0.05833333333333329,0.5308641975308643,0.28617886178861784,0.27500000000000036,1,0,0,1,0,0,1,0,0,0,1,0,0,0,0,1,0,0,0,0,0,0,0.03401022789335187
30,0.0,0.08727695888285492,0.11698113207547167,0.26428571428571446,0.04166666666666666,0.9999999999999998,0.056910569105691255,0.2999999999999998,1,0,0,1,0,0,1,0,0,0,1,0,0,0,0,1,0,0,0,0,0,0,0.033786803038578006
106,0.43448275862068986,0.6404189294026377,0.45283018867924524,0.6357142857142859,0.4666666666666666,0.18930041152263383,0.6081300813008133,0.6333333333333337,1,0,0,1,0,0,0,1,0,0,0,0,1,0,0,0,1,0,0,0,1,0,0.32970061069460305
13,0.5034482758620689,0.495345228859581,0.38867924528301884,0.55,0.30416666666666664,0.2565157750342935,0.5804878048780493,0.375,1,0,0,0,1,0,0,1,0,0,1,0,0,0,0,0,1,0,0,0,0,1,0.396877017029939
72,0.34482758620689635,0.8522110162916989,0.6528301886792454,0.6571428571428573,0.44583333333333336,0.05761316872427974,0.6373983739837401,0.8500000000000005,1,0,0,0,0,0,0,1,0,0,0,0,1,0,0,0,0,0,0,0,0,1,0.7432103669132615
17,0.806896551724138,0.7823894491854151,0.558490566037736,0.7714285714285716,0.5583333333333333,0.06721536351165974,0.9089430894308945,0.8833333333333337,1,0,0,0,1,0,0,1,0,0,1,0,0,0,0,0,1,0,0,0,0,1,0.7884911374807606
18,0.062068965517241725,0.0,0.0,0.26428571428571446,0.0,0.9574759945130316,0.0,0.0,1,0,0,1,0,0,1,0,0,1,0,0,0,0,0,0,0,1,0,0,0,0,0.0008192244675040983
38,0.3413793103448275,0.3107059736229635,0.1849056603773585,0.4357142857142857,0.15833333333333333,0.4087791495198903,0.4292682926829272,0.4083333333333341,1,0,0,1,0,0,1,0,0,0,1,0,0,0,0,1,0,0,0,0,0,0,0.09872896082617547
109,0.9517241379310346,0.6757176105508145,0.22264150943396227,0.6571428571428573,0.20416666666666666,0.17695473251028798,0.9398373983739843,0.6750000000000007,1,0,0,0,0,1,0,1,0,1,0,0,0,0,0,1,0,0,0,0,1,0,0.18176853185045427
47,0.9103448275862069,1.0,0.7433962264150944,0.7785714285714287,0.5333333333333332,0.05486968449931412,0.9512195121951219,0.7749999999999995,1,0,0,0,1,0,0,1,0,0,0,0,0,0,0,0,1,0,0,0,0,1,0.6735514621915497
113,0.9517241379310346,0.6970519782777347,0.22264150943396227,0.6571428571428573,0.1958333333333333,0.17695473251028798,0.9398373983739843,0.6750000000000007,1,0,0,0,0,1,0,1,0,1,0,0,0,0,0,1,0,0,0,0,1,0,0.2873988381907552
56,0.2999999999999998,0.3460046547711404,0.03396226415094339,0.5642857142857143,0.22083333333333333,0.13443072702331965,0.4536585365853658,0.4500000000000002,1,0,0,1,0,0,0,1,0,0,0,0,0,1,0,0,0,0,0,1,1,0,0.1669976664515168
27,0.2448275862068967,0.2726920093095423,0.139622641509434,0.34999999999999987,0.22499999999999998,0.32647462277091904,0.2634146341463417,0.29166666666666696,1,1,0,0,1,0,1,0,0,0,1,0,0,0,0,1,0,0,0,0,0,0,0.08539794449133609
63,0.4206896551724135,0.37044220325833976,0.23018867924528302,0.6071428571428574,0.06666666666666665,0.6556927297668038,0.5967479674796752,0.5166666666666666,0,0,0,0,1,0,1,0,0,0,1,0,0,0,0,1,0,0,0,0,1,0,0.14093143339456832
147,0.35862068965517224,0.37509697439875866,0.17735849056603775,0.7714285714285716,0.19166666666666665,0.35390946502057613,0.526829268292683,0.4250000000000007,1,0,0,0,0,1,1,0,0,0,0,1,0,0,0,1,0,0,0,0,0,0,0.12611091802790325
105,0.16206896551724137,0.6404189294026377,0.45283018867924524,0.6357142857142859,0.6333333333333333,0.13443072702331965,0.4813008130081302,0.6333333333333337,1,1,0,1,0,0,0,1,0,0,0,0,1,0,0,0,1,0,0,0,1,0,0.3619730897174917
121,0.2448275862068967,0.1943366951124903,0.10943396226415092,0.30714285714285716,0.08333333333333331,0.5308641975308643,0.42601626016260186,0.29166666666666696,1,0,0,0,1,0,1,0,0,0,1,0,0,0,0,1,0,0,0,0,0,0,0.039074524601558996
2,0.27241379310344804,0.5178432893716058,0.3433962264150943,0.10000000000000009,0.4416666666666666,0.20164609053497945,0.48943089430894293,0.43333333333333357,1,0,0,1,0,0,0,1,0,0,0,0,1,0,0,0,1,0,0,0,1,0,0.2825579663373219
80,0.3344827586206893,0.34212567882079126,0.1849056603773585,0.44999999999999996,0.2833333333333333,0.3113854595336076,0.5186991869918702,0.4250000000000007,1,1,0,1,0,0,1,0,0,0,1,0,0,0,0,1,0,0,0,0,0,0,0.12017774688446453
191,0.4758620689655175,0.4550038789759503,0.2830188679245283,0.4642857142857142,0.2583333333333333,0.17695473251028798,0.6357723577235772,0.5500000000000007,1,0,0,0,1,0,1,0,0,0,1,0,0,0,1,0,0,0,0,0,1,0,0.20299389305396953
61,0.4206896551724135,0.3479441427463149,0.23018867924528302,0.6071428571428574,0.14999999999999997,0.3813443072702332,0.5967479674796752,0.5166666666666666,1,0,0,1,0,0,1,0,0,0,1,0,0,0,0,1,0,0,0,0,1,0,0.13596643662181618
49,0.5310344827586206,0.9550038789759503,1.0,0.7142857142857142,0.8916666666666666,0.0,0.8227642276422764,0.8583333333333334,1,0,0,0,1,0,0,1,0,0,0,0,1,0,0,0,0,0,1,0,0,1,0.7666451516806514
135,0.43103448275862055,0.4926299456943366,0.22641509433962265,0.7142857142857142,0.2583333333333333,0.2565157750342935,0.7398373983739837,0.5166666666666666,1,0,0,0,1,0,1,0,0,0,1,0,0,0,0,1,0,0,0,0,1,0,0.257981232312199
202,0.7758620689655169,0.591155934833204,0.4226415094339622,0.7428571428571431,0.35833333333333334,0.149519890260631,0.7756097560975612,0.7166666666666677,1,0,0,0,1,0,0,1,0,0,0,0,1,0,0,0,1,0,0,0,1,0,0.4063105108981679
91,0.27241379310344804,0.16679596586501166,0.1358490566037736,0.4357142857142857,0.08749999999999997,0.5185185185185186,0.3934959349593501,0.29166666666666696,1,0,0,0,1,0,1,0,0,0,1,0,0,0,0,1,0,0,0,0,1,0,0.03800705029541729
4,0.4413793103448276,0.5182311869666407,0.2830188679245283,0.4642857142857142,0.2791666666666667,0.13717421124828527,0.5772357723577235,0.5083333333333337,1,0,0,0,1,0,0,0,0,0,1,0,0,0,1,0,0,0,0,0,1,0,0.30614170100789434
100,0.3655172413793104,0.3157486423584174,0.22264150943396227,0.5642857142857143,0.20416666666666666,0.42112482853223593,0.5252032520325205,0.4083333333333341,1,0,0,0,1,0,1,0,0,0,1,0,0,0,0,1,0,0,0,0,1,0,0.10999950350032273
141,0.3655172413793104,0.25484871993793634,0.17735849056603775,0.7714285714285716,0.14166666666666666,0.53360768175583,0.5024390243902439,0.4250000000000007,1,0,0,0,1,0,1,0,0,0,0,1,0,0,0,1,0,0,0,0,0,0,0.049848567598431065
129,0.4068965517241381,0.7284716834755625,0.5358490566037737,1.0000000000000002,1.0,0.1961591220850481,0.5626016260162601,1.0,1,0,0,1,0,0,0,1,1,0,0,0,0,0,0,0,0,0,0,0,0,1,0.6524502259073532
159,0.31379310344827616,0.3052754072924748,0.1849056603773585,0.5214285714285716,0.033333333333333326,0.747599451303155,0.409756097560976,0.3416666666666677,0,0,0,1,0,0,1,0,0,0,1,0,0,0,0,1,0,0,0,0,0,0,0.0662827069162405
132,0.43103448275862055,0.45384018619084565,0.22641509433962265,0.7142857142857142,0.2583333333333333,0.2565157750342935,0.7398373983739837,0.5166666666666666,1,0,0,1,0,0,1,0,0,0,1,0,0,0,0,1,0,0,0,0,1,0,0.1671217913708356
108,0.7344827586206897,0.6629169899146625,0.3433962264150943,0.828571428571429,0.1958333333333333,0.42386831275720155,0.7414634146341466,0.6750000000000007,0,1,0,0,1,0,0,1,0,1,0,0,0,0,0,1,0,0,0,0,1,0,0.20063551958691228
155,0.31379310344827616,0.6291698991466252,0.11698113207547167,0.3642857142857141,0.05833333333333329,0.39643347050754457,0.4650406504065039,0.27500000000000036,1,0,0,0,0,1,0,0,0,0,1,0,0,0,0,1,0,0,0,0,0,0,0.09085944094136339
130,0.3275862068965516,0.42319627618308764,0.2679245283018868,0.6571428571428573,0.175,0.3237311385459533,0.6569105691056913,0.5166666666666666,1,0,0,0,0,1,1,0,0,0,1,0,0,0,0,1,0,0,0,0,0,0,0.10369395759892755
86,0.3344827586206893,0.3557020946470132,0.23018867924528302,0.5785714285714285,0.16666666666666663,0.36625514403292186,0.5089430894308946,0.4250000000000007,1,0,0,0,1,0,1,0,0,0,1,0,0,0,0,1,0,0,0,0,0,0,0.07623752544560847
93,0.27241379310344804,0.20791311093871212,0.1358490566037736,0.4357142857142857,0.08749999999999997,0.5185185185185186,0.47317073170731705,0.29166666666666696,1,0,0,0,0,1,1,0,0,0,1,0,0,0,0,1,0,0,0,0,1,0,0.05538453900004964
137,0.43103448275862055,0.5271528316524436,0.22641509433962265,0.7142857142857142,0.4666666666666666,0.20164609053497945,0.7398373983739837,0.5166666666666666,1,1,0,0,1,0,1,0,0,0,0,0,0,0,0,1,0,0,0,0,1,0,0.3351869321284941
144,0.35862068965517224,0.3479441427463149,0.17735849056603775,0.7714285714285716,0.14166666666666666,0.2647462277091907,0.5024390243902439,0.4250000000000007,1,0,0,0,1,0,0,0,0,0,0,1,0,0,0,1,0,0,0,0,0,0,0.1021548085993744
58,0.2999999999999998,0.39255236617532974,0.07169811320754715,0.5642857142857143,0.3625,0.11934156378600819,0.4536585365853658,0.4500000000000002,1,0,0,1,0,0,0,1,0,0,0,0,0,1,0,0,0,0,0,1,1,0,0.2613326051338067
60,0.4206896551724135,0.3576415826221877,0.23018867924528302,0.6071428571428574,0.14999999999999997,0.3813443072702332,0.5967479674796752,0.5166666666666666,1,0,0,0,1,0,1,0,0,0,1,0,0,0,0,1,0,0,0,0,1,0,0.08383397050791916
107,0.7344827586206897,0.5942591155934833,0.22264150943396227,0.6571428571428573,0.20416666666666666,0.17695473251028798,0.7414634146341466,0.6750000000000007,1,0,0,0,1,0,0,1,0,1,0,0,0,0,0,1,0,0,0,0,1,0,0.16836304056402362
143,0.3655172413793104,0.33048875096974395,0.17735849056603775,0.7714285714285716,0.19166666666666665,0.3813443072702332,0.5024390243902439,0.4250000000000007,1,0,0,0,1,0,1,0,0,0,0,1,0,0,0,1,0,0,0,0,0,0,0.12020257186832828
203,0.7758620689655169,0.6706749418153608,0.3169811320754717,0.33571428571428563,0.24166666666666664,0.3196159122085049,0.7756097560975612,0.7166666666666677,0,1,0,0,1,0,0,1,0,0,1,0,0,0,0,0,1,0,0,0,1,0,0.43076312000397204
34,0.2448275862068967,0.18153607447633824,0.11698113207547167,0.26428571428571446,0.11666666666666664,0.4663923182441701,0.14471544715447182,0.30833333333333357,1,0,0,1,0,0,1,0,0,0,1,0,0,0,0,1,0,0,0,0,0,0,0.049923042550022334
14,0.5827586206896553,0.6078355314197053,0.38867924528301884,0.55,0.30416666666666664,0.20438957475994507,0.7788617886178866,0.5500000000000007,1,0,0,0,1,0,0,1,0,0,1,0,0,0,0,0,1,0,0,0,0,1,0.48277146119855024
66,0.6310344827586207,0.47013188518231197,0.27547169811320754,0.6357142857142859,0.09999999999999998,0.5432098765432098,0.551219512195122,0.4833333333333334,0,0,0,0,1,0,0,1,0,0,1,0,0,0,0,1,0,0,0,0,1,0,0.32833523658209623
53,0.22413793103448265,0.17726920093095422,0.1132075471698113,0.34999999999999987,0.08333333333333331,0.5308641975308643,0.41788617886178914,0.3250000000000002,1,0,0,0,1,0,1,0,0,0,1,0,0,0,0,1,0,0,0,0,1,0,0.03914899955315029
98,0.29310344827586166,0.20170674941815359,0.1358490566037736,0.4357142857142857,0.08749999999999997,0.5185185185185186,0.34634146341463445,0.29166666666666696,1,0,1,0,0,0,1,0,0,0,1,0,0,0,0,1,0,0,0,0,1,0,0.0777270244774341
180,0.6172413793103448,0.6373157486423584,0.4150943396226415,0.5214285714285716,0.45,0.19204389574759945,0.7593495934959353,0.5166666666666666,1,0,0,0,1,0,0,1,0,0,0,0,0,0,0,0,1,0,0,0,0,0,0.2624497294076759
94,0.27241379310344804,0.17959658650116372,0.1358490566037736,0.4357142857142857,0.08749999999999997,0.5185185185185186,0.3934959349593501,0.29166666666666696,1,0,0,0,1,0,1,0,0,0,1,0,0,0,0,1,0,0,0,0,1,0,0.054143289806861616
138,0.2448275862068967,0.2179984484096199,0.1358490566037736,0.7714285714285716,0.08749999999999997,0.5061728395061729,0.25691056910569143,0.25833333333333375,1,0,0,1,0,0,1,0,0,0,0,1,0,0,0,1,0,0,0,0,0,0,0.0
176,0.5448275862068965,0.35919317300232734,0.23018867924528302,0.55,0.1833333333333333,0.39643347050754457,0.5609756097560976,0.5166666666666666,1,0,0,0,1,0,1,0,0,0,1,0,0,0,0,1,0,0,0,0,0,0,0.1434884067325356
79,0.2206896551724138,0.25484871993793634,0.139622641509434,0.34999999999999987,0.22499999999999998,0.32647462277091904,0.2634146341463417,0.29166666666666696,1,1,0,1,0,0,1,0,0,0,1,0,0,0,0,1,0,0,0,0,0,0,0.0638250335137282
87,0.3344827586206893,0.3549262994569433,0.1849056603773585,0.44999999999999996,0.2833333333333333,0.3113854595336076,0.5089430894308946,0.4250000000000007,1,1,0,0,1,0,1,0,0,0,1,0,0,0,0,1,0,0,0,0,0,0,0.1032967578571074
103,0.4758620689655175,0.6097750193948797,0.45283018867924524,0.6357142857142859,0.4333333333333333,0.18930041152263383,0.7073170731707319,0.5166666666666666,1,0,0,0,1,0,1,0,0,0,0,0,1,0,0,0,1,0,0,0,1,0,0.20805818976217666
67,0.806896551724138,0.7862684251357641,0.460377358490566,0.7428571428571431,0.31249999999999994,0.2345679012345679,0.8097560975609759,0.833333333333333,0,1,0,0,1,0,0,1,0,0,1,0,0,0,1,0,0,0,0,0,0,1,0.5072737202720818
24,0.2448275862068967,0.18580294802172226,0.10943396226415092,0.30714285714285716,0.08333333333333331,0.5308641975308643,0.2634146341463417,0.29166666666666696,1,0,0,1,0,0,1,0,0,0,1,0,0,0,0,1,0,0,0,0,0,0,0.0275805570726379
8,0.6620689655172414,0.6198603568657874,0.2641509433962264,0.4214285714285715,0.38333333333333336,0.09739368998628256,0.8390243902439023,0.9250000000000007,1,1,0,0,1,0,1,0,0,0,1,0,0,0,1,0,0,0,0,0,1,0,0.46564222233255553
